[{"model": "admin.logentry", "pk": 1, "fields": {"action_time": "2022-10-30T10:48:21.241Z", "user": 1, "content_type": 6, "object_id": "1", "object_repr": "admin", "action_flag": 2, "change_message": "[]"}}, {"model": "admin.logentry", "pk": 2, "fields": {"action_time": "2022-10-30T11:39:27.429Z", "user": 1, "content_type": 7, "object_id": "1", "object_repr": "first entry", "action_flag": 1, "change_message": "[{\"added\": {}}]"}}, {"model": "admin.logentry", "pk": 3, "fields": {"action_time": "2022-10-30T11:41:45.829Z", "user": 1, "content_type": 6, "object_id": "3", "object_repr": "aba@gmail.com", "action_flag": 3, "change_message": ""}}, {"model": "auth.permission", "pk": 1, "fields": {"name": "Can add log entry", "content_type": 1, "codename": "add_logentry"}}, {"model": "auth.permission", "pk": 2, "fields": {"name": "Can change log entry", "content_type": 1, "codename": "change_logentry"}}, {"model": "auth.permission", "pk": 3, "fields": {"name": "Can delete log entry", "content_type": 1, "codename": "delete_logentry"}}, {"model": "auth.permission", "pk": 4, "fields": {"name": "Can view log entry", "content_type": 1, "codename": "view_logentry"}}, {"model": "auth.permission", "pk": 5, "fields": {"name": "Can add permission", "content_type": 2, "codename": "add_permission"}}, {"model": "auth.permission", "pk": 6, "fields": {"name": "Can change permission", "content_type": 2, "codename": "change_permission"}}, {"model": "auth.permission", "pk": 7, "fields": {"name": "Can delete permission", "content_type": 2, "codename": "delete_permission"}}, {"model": "auth.permission", "pk": 8, "fields": {"name": "Can view permission", "content_type": 2, "codename": "view_permission"}}, {"model": "auth.permission", "pk": 9, "fields": {"name": "Can add group", "content_type": 3, "codename": "add_group"}}, {"model": "auth.permission", "pk": 10, "fields": {"name": "Can change group", "content_type": 3, "codename": "change_group"}}, {"model": "auth.permission", "pk": 11, "fields": {"name": "Can delete group", "content_type": 3, "codename": "delete_group"}}, {"model": "auth.permission", "pk": 12, "fields": {"name": "Can view group", "content_type": 3, "codename": "view_group"}}, {"model": "auth.permission", "pk": 13, "fields": {"name": "Can add content type", "content_type": 4, "codename": "add_contenttype"}}, {"model": "auth.permission", "pk": 14, "fields": {"name": "Can change content type", "content_type": 4, "codename": "change_contenttype"}}, {"model": "auth.permission", "pk": 15, "fields": {"name": "Can delete content type", "content_type": 4, "codename": "delete_contenttype"}}, {"model": "auth.permission", "pk": 16, "fields": {"name": "Can view content type", "content_type": 4, "codename": "view_contenttype"}}, {"model": "auth.permission", "pk": 17, "fields": {"name": "Can add session", "content_type": 5, "codename": "add_session"}}, {"model": "auth.permission", "pk": 18, "fields": {"name": "Can change session", "content_type": 5, "codename": "change_session"}}, {"model": "auth.permission", "pk": 19, "fields": {"name": "Can delete session", "content_type": 5, "codename": "delete_session"}}, {"model": "auth.permission", "pk": 20, "fields": {"name": "Can view session", "content_type": 5, "codename": "view_session"}}, {"model": "auth.permission", "pk": 21, "fields": {"name": "Can add user", "content_type": 6, "codename": "add_customuser"}}, {"model": "auth.permission", "pk": 22, "fields": {"name": "Can change user", "content_type": 6, "codename": "change_customuser"}}, {"model": "auth.permission", "pk": 23, "fields": {"name": "Can delete user", "content_type": 6, "codename": "delete_customuser"}}, {"model": "auth.permission", "pk": 24, "fields": {"name": "Can view user", "content_type": 6, "codename": "view_customuser"}}, {"model": "auth.permission", "pk": 25, "fields": {"name": "Can add test model", "content_type": 7, "codename": "add_testmodel"}}, {"model": "auth.permission", "pk": 26, "fields": {"name": "Can change test model", "content_type": 7, "codename": "change_testmodel"}}, {"model": "auth.permission", "pk": 27, "fields": {"name": "Can delete test model", "content_type": 7, "codename": "delete_testmodel"}}, {"model": "auth.permission", "pk": 28, "fields": {"name": "Can view test model", "content_type": 7, "codename": "view_testmodel"}}, {"model": "contenttypes.contenttype", "pk": 1, "fields": {"app_label": "admin", "model": "logentry"}}, {"model": "contenttypes.contenttype", "pk": 2, "fields": {"app_label": "auth", "model": "permission"}}, {"model": "contenttypes.contenttype", "pk": 3, "fields": {"app_label": "auth", "model": "group"}}, {"model": "contenttypes.contenttype", "pk": 4, "fields": {"app_label": "contenttypes", "model": "contenttype"}}, {"model": "contenttypes.contenttype", "pk": 5, "fields": {"app_label": "sessions", "model": "session"}}, {"model": "contenttypes.contenttype", "pk": 6, "fields": {"app_label": "accounts", "model": "customuser"}}, {"model": "contenttypes.contenttype", "pk": 7, "fields": {"app_label": "main", "model": "testmodel"}}, {"model": "sessions.session", "pk": "jp2w2vyw25uezxgxtxf4izqf2rfzpjsn", "fields": {"session_data": "e30:1op5ly:W7lPsvO8TzWnmSyK4VZSDUfrfYgFqHcU3IJw5YsaVUQ", "expire_date": "2022-11-13T10:42:34.377Z"}}, {"model": "main.testmodel", "pk": 1, "fields": {"test_model_title": "first entry", "test_model_content": "<p>alalalalala</p>", "test_model_additional": "<p>babababaab</p>", "test_model_published": "2022-10-30T11:39:09Z"}}, {"model": "accounts.customuser", "pk": 1, "fields": {"password": "pbkdf2_sha256$390000$wNBWG8o5cz8X6VUns7cPHA$b5WzpOaizsAlq7ct57YcyAgr1+CZ9nNwu54/UKZXLpk=", "last_login": "2022-10-30T11:41:36.394Z", "is_superuser": true, "username": "admin", "first_name": "", "last_name": "", "email": "mgelgi17@ku.edu.tr", "is_staff": true, "is_active": true, "date_joined": "2022-10-30T10:36:22Z", "groups": [], "user_permissions": []}}, {"model": "accounts.customuser", "pk": 2, "fields": {"password": "pbkdf2_sha256$390000$jo399P3Cqa8tYdsbO0Vp9Q$dNw1qylYqMe7ht1uKBHQ/xtnkpNEgG3vnITTiKAFXsA=", "last_login": "2022-10-30T10:43:54.690Z", "is_superuser": false, "username": "mete3", "first_name": "", "last_name": "", "email": "m@gmail.com", "is_staff": false, "is_active": true, "date_joined": "2022-10-30T10:42:33.194Z", "groups": [], "user_permissions": []}}, {"model": "accounts.customuser", "pk": 4, "fields": {"password": "pbkdf2_sha256$390000$GZa6AhzXXrDSeCh8O6tZH4$bpET5xvMnnPZrVwBblVTyBH8AuxKBpNPb0JQ+CJ1ghU=", "last_login": "2022-11-03T14:40:43.742Z", "is_superuser": false, "username": "mete", "first_name": "Metehan", "last_name": "Gelgi", "email": "mgelgi17@ku.edu.tr", "is_staff": false, "is_active": true, "date_joined": "2022-10-30T11:42:37.842Z", "groups": [], "user_permissions": []}}]